<?xml version="1.0" encoding="utf-8"?>
<ApplicationInstallerManifest>
   <DefaultInstallationDirectory>/Applications/LESM</DefaultInstallationDirectory>
   <ApplicationName>LESM</ApplicationName>
   <ExecutableName>application/LESM.exe</ExecutableName>
   <GUID>3f32b9e2-9094-4982-a2d1-54c9ea776d70</GUID>
   <ApplicationIcon>icon_48.png</ApplicationIcon>
   <Logo>logo1043200144601061972.tmp</Logo>
   <Version>3.0.0</Version>
   <InstallationNotes>In the following directions, replace MR/v97 by the directory on the target machine where MATLAB is installed, or MR by the directory where the MATLAB Runtime is installed.

If the environment variable DYLD_LIBRARY_PATH is undefined, set it to the following string:

MR/v97/runtime/maci64:MR/v97/sys/os/maci64:MR/v97/bin/maci64

If it is defined, set it to the following:

${DYLD_LIBRARY_PATH}:MR/v97/runtime/maci64:MR/v97/sys/os/maci64:MR/v97/bin/maci64
Thank you for installing LESM!

The MATLAB Runtime is also installed, which is a set of shared libraries that make it possible to run compiled applications without the need of having MATLAB installed on the machine.

You can now use the program!</InstallationNotes>
   <AuthorOrganization>Tecgraf/PUC-Rio</AuthorOrganization>
   <Summary>Linear Elements Structure Model</Summary>
   <WelcomePanelText>LESM 3.0.0
Linear Elements Structure Model

LESM is a graphical-interactive program for structural analysis of 2D and 3D trusses, frames, and grillages.

https://web.tecgraf.puc-rio.br/lesm/

LF Martha, RL Rangel, PC Lopes, C Horta
(lfm)(rafaelrangel)(cortezpedro)(claudiohorta)@tecgraf.puc-rio.br</WelcomePanelText>
   <MCRProducts>
      <MCRProduct>
         <ExternalProductIdentifier>35000</ExternalProductIdentifier>
      </MCRProduct>
      <MCRProduct>
         <ExternalProductIdentifier>35010</ExternalProductIdentifier>
      </MCRProduct>
   </MCRProducts>
</ApplicationInstallerManifest>